AdultID,Landmark,X,Y,Z
R7033,Ex_L,-32.8506,-39.073,-4.64672
R7033,En_L,-1.8702,-41.5131,6.72617
R7033,N,12.0593,-34.0711,22.6003
R7033,En_R,30.1387,-43.7649,8.37766
R7033,Ex_R,61.0161,-42.4999,-2.10457
R7033,Prn,14.045,-71.7567,36.1423
R7033,Al_L,-2.01364,-76.1334,8.99093
R7033,Al_R,29.6824,-77.5055,10.9184
R7033,Sbal_L,4.8022,-80.5824,14.9951
R7033,Sbal_R,22.8993,-83.2986,14.8719
R7033,Ch_L,-9.81344,-105.27,-2.70603
R7033,Ch_R,37.0035,-105.753,-1.00389
R7033,Sn,13.0451,-96.5529,16.6503
R7033,Ft_L,-48.5857,-17.8732,-24.9483
R7033,FT_R,79.4387,-14.8167,-23.4626
P1283,Ex_L,-41.7148,9.0298,70.9815
P1283,En_L,-9.11296,2.26624,79.7847
P1283,N,9.39607,2.2429,87.1043
P1283,En_R,28.1618,4.73204,79.8609
P1283,Ex_R,58.3464,8.64755,69.0288
P1283,Prn,9.20631,-30.5919,107.045
P1283,Al_L,-12.8158,-35.1942,82.6167
P1283,Al_R,30.9854,-35.4347,81.5442
P1283,Sbal_L,-5.79943,-37.2124,91.8349
P1283,Sbal_R,22.3777,-36.3704,92.4675
P1283,Ch_L,-21.7337,-66.4604,72.6997
P1283,Ch_R,41.6529,-64.3822,70.2735
P1283,Sn,9.4661,-58.2514,94.7348
P1283,Ft_L,-52.9472,32.7917,59.675
P1283,FT_R,70.8247,32.2929,53.4257
H8328,Ex_L,-55.7733,57.4841,63.042
H8328,En_L,-26.9345,54.4301,70.8953
H8328,N,-13.5957,60.7765,84.727
H8328,En_R,2.50091,54.3856,74.3451
H8328,Ex_R,32.7696,58.232,70.4928
H8328,Prn,-13.2494,22.3954,105.568
H8328,Al_L,-31.6887,19.8963,75.0772
H8328,Al_R,3.61933,19.5536,79.3885
H8328,Sbal_L,-24.1067,12.5102,85.1886
H8328,Sbal_R,-4.19694,12.8647,87.6047
H8328,Ch_L,-39.1276,-4.98627,69.2569
H8328,Ch_R,13.1935,-7.62337,71.2296
H8328,Sn,-13.9935,-2.43085,86.9021
H8328,Ft_L,-75.6983,76.6618,29.9686
H8328,FT_R,59.5182,78.5653,36.4674
Y4996,Ex_L,-42.2486,50.6254,54.212
Y4996,En_L,-11.732,47.9788,60.2211
Y4996,N,3.04026,51.1975,70.2075
Y4996,En_R,19.0182,47.3856,57.3974
Y4996,Ex_R,50.5221,43.5909,46.384
Y4996,Prn,3.12405,13.7161,83.1514
Y4996,Al_L,-14.3787,9.88242,60.631
Y4996,Al_R,18.4804,7.49828,58.0952
Y4996,Sbal_L,-6.90597,5.82739,66.8334
Y4996,Sbal_R,14.1411,4.97862,65.815
Y4996,Ch_L,-26.6848,-16.5611,52.5556
Y4996,Ch_R,29.1389,-17.8198,49.1258
Y4996,Sn,3.51813,-9.08623,68.512
Y4996,Ft_L,-64.847,71.0033,23.6246
Y4996,FT_R,67.368,69.8899,22.3719
W7831,Sn,-15.9,10.9054,-106.662
W7831,Ft_L,-80.7328,101.7,-138.494
W7831,Al_R,0.435598,34.1952,-111.023
W7831,N,-17.3376,74.3281,-102.239
W7831,En_R,1.76134,74.9095,-107.773
W7831,Ch_L,-42.0906,-0.587505,-124.106
W7831,Ex_R,34.0691,79.328,-116.433
W7831,En_L,-38.128,75.0989,-110.16
W7831,Sbal_R,-6.28264,28.2416,-109.887
W7831,Al_L,-36.8439,30.8086,-114.83
W7831,Prn,-18.8722,37.9978,-90.5786
W7831,Ch_R,6.64088,-0.131618,-122.299
W7831,Ex_L,-67.5611,74.0734,-119.735
W7831,FT_R,43.4466,108.259,-130.409
W7831,Sbal_L,-29.4821,25.725,-113.672
V3259,Ex_L,-48.1452,85.3686,29.0389
V3259,En_L,-20.0839,81.564,35.9689
V3259,N,-6.63469,81.0783,50.1599
V3259,En_R,9.69453,81.5182,36.461
V3259,Ex_R,36.6074,82.5748,31.6167
V3259,Prn,-8.09563,46.6646,65.6721
V3259,Al_L,-24.039,41.7575,38.4344
V3259,Al_R,10.6898,42.0744,40.2164
V3259,Sbal_L,-19.3362,40.4652,44.6618
V3259,Sbal_R,5.27465,40.6582,47.2233
V3259,Ch_L,-30.6512,19.4981,28.2578
V3259,Ch_R,17.6062,21.1287,32.3619
V3259,Sn,-6.55054,24.2579,47.4688
V3259,Ft_L,-66.2981,106.713,-3.5512
V3259,FT_R,56.1998,106.513,8.02264
Y1178,Ex_L,-21.4749,18.753,90.7823
Y1178,En_L,7.63192,15.3377,99.4446
Y1178,N,22.269,16.1487,114.342
Y1178,En_R,40.8223,16.997,99.6646
Y1178,Ex_R,70.0847,17.1694,95.6605
Y1178,Prn,25.621,-16.6761,126.885
Y1178,Al_L,7.24098,-23.6693,102.476
Y1178,Al_R,41.5333,-23.1586,101.097
Y1178,Sbal_L,14.724,-26.255,106.04
Y1178,Sbal_R,33.3098,-25.0165,108.254
Y1178,Ch_L,-2.73778,-48.2619,93.6638
Y1178,Ch_R,51.2132,-50.0073,93.3489
Y1178,Sn,21.3811,-39.878,108.21
Y1178,Ft_L,-37.5053,43.3932,67.6954
Y1178,FT_R,85.8036,42.8638,72.3601
J0951,Ex_L,-40.5669,28.3045,70.7335
J0951,En_L,-10.7313,22.1806,75.8508
J0951,N,5.12012,20.8181,94.0735
J0951,En_R,21.2458,21.3636,76.2389
J0951,Ex_R,48.8747,24.5048,71.8021
J0951,Prn,2.37189,-14.6688,106.992
J0951,Al_L,-13.7035,-16.1474,80.155
J0951,Al_R,18.7415,-16.3352,81.241
J0951,Sbal_L,-6.15882,-22.6964,85.6605
J0951,Sbal_R,12.2337,-24.232,85.8507
J0951,Ch_L,-24.3873,-40.2836,68.4581
J0951,Ch_R,26.1264,-41.9686,73.2516
J0951,Sn,2.36051,-39.4165,88.5191
J0951,Ft_L,-59.2248,42.054,37.6114
J0951,FT_R,63.2985,43.533,60.9038
O6687,Ex_L,-37.4473,31.5634,62.1693
O6687,En_L,-8.95721,27.8654,68.9262
O6687,N,7.02001,30.9788,83.4106
O6687,En_R,24.3062,27.1757,70.5396
O6687,Ex_R,53.3692,30.503,65.8616
O6687,Prn,7.59526,-7.7646,99.3899
O6687,Al_L,-7.77409,-11.8446,73.5369
O6687,Al_R,23.2688,-12.9374,72.8164
O6687,Sbal_L,-3.49036,-12.879,79.8321
O6687,Sbal_R,17.8831,-13.9886,79.3582
O6687,Ch_L,-17.5901,-31.6192,68.3067
O6687,Ch_R,34.2678,-34.7951,67.0446
O6687,Sn,7.17139,-25.9799,81.1153
O6687,Ft_L,-57.6479,54.3767,34.9359
O6687,FT_R,72.7158,56.0431,41.376
D6431,Ex_L,-36.9038,76.5028,63.0264
D6431,En_L,-8.6619,73.2816,68.263
D6431,N,3.79278,80.4073,85.0563
D6431,En_R,21.1688,73.0672,68.675
D6431,Ex_R,48.0037,75.6661,65.9112
D6431,Prn,4.93975,32.2226,104.09
D6431,Al_L,-10.0779,31.6438,77.1573
D6431,Al_R,19.0632,31.5179,77.0303
D6431,Sbal_L,-6.42273,28.4556,83.5114
D6431,Sbal_R,14.2555,27.2801,82.3437
D6431,Ch_L,-24.0796,8.46423,65.3913
D6431,Ch_R,27.9312,8.66792,68.6776
D6431,Sn,3.48293,11.0931,83.5508
D6431,Ft_L,-49.7622,91.8086,48.1449
D6431,FT_R,60.8982,93.3925,52.1265
C2985,Ex_L,-46.6034,25.7853,70.6217
C2985,En_L,-14.8015,20.7804,79.5764
C2985,N,4.40708,26.7795,82.9471
C2985,En_R,22.243,21.8214,79.0659
C2985,Ex_R,53.1867,24.5566,70.1663
C2985,Prn,4.30862,-8.6001,101.075
C2985,Al_L,-14.5319,-16.8039,79.0156
C2985,Al_R,23.3475,-18.3048,79.7602
C2985,Sbal_L,-7.18316,-19.0843,84.4555
C2985,Sbal_R,15.7021,-19.6609,83.6936
C2985,Ch_L,-21.1721,-41.6701,75.4597
C2985,Ch_R,30.2882,-42.5027,72.5477
C2985,Sn,0.591706,-30.3443,90.9381
C2985,Ft_L,-62.6644,48.9515,48.7
C2985,FT_R,70.3167,48.5989,48.9564
E8807,Ex_L,-49.702,30.2194,40.8765
E8807,En_L,-20.4448,27.9975,46.245
E8807,N,-4.07417,34.4406,58.4903
E8807,En_R,12.2403,29.9764,42.8081
E8807,Ex_R,39.3365,31.5672,36.8347
E8807,Prn,-4.52221,-0.645955,76.0928
E8807,Al_L,-21.0568,-7.3002,52.3846
E8807,Al_R,10.5373,-7.08551,50.8643
E8807,Sbal_L,-13.9626,-10.0068,58.3168
E8807,Sbal_R,4.92537,-10.9202,56.5446
E8807,Ch_L,-31.6832,-33.9909,45.6596
E8807,Ch_R,18.4148,-34.3936,43.9974
E8807,Sn,-5.83603,-25.8461,58.8664
E8807,Ft_L,-76.5422,49.7389,10.238
E8807,FT_R,55.8803,52.1651,19.6768
D8891,Ex_L,-23.7771,10.3526,98.0585
D8891,En_L,8.08326,5.49214,110.261
D8891,N,25.0797,3.30648,120.197
D8891,En_R,46.8243,4.41283,112.4
D8891,Ex_R,75.9532,7.37053,100.54
D8891,Prn,25.6871,-27.5252,129.868
D8891,Al_L,6.49021,-32.5394,110.383
D8891,Al_R,42.788,-32.6255,110.703
D8891,Sbal_L,15.277,-36.9348,114.36
D8891,Sbal_R,34.4204,-38.2794,114.243
D8891,Ch_L,0.132526,-58.6182,100.417
D8891,Ch_R,47.6448,-57.9536,100.848
D8891,Sn,24.7521,-50.1688,117.302
D8891,Ft_L,-37.1132,33.5832,83.7178
D8891,FT_R,90.1036,33.704,88.857
S4837,Ex_L,-40.275,21.2013,-0.689126
S4837,En_L,-13.9455,18.5571,2.04823
S4837,N,-0.905042,30.2683,16.7383
S4837,En_R,15.3802,19.5485,2.55257
S4837,Ex_R,42.8401,19.1532,-7.61918
S4837,Prn,1.09813,-15.1883,36.716
S4837,Al_L,-14.3449,-22.707,10.9386
S4837,Al_R,15.1331,-20.5014,9.72806
S4837,Sbal_L,-9.0961,-25.1066,18.1826
S4837,Sbal_R,9.27658,-24.3205,17.246
S4837,Ch_L,-21.9538,-47.5497,7.59361
S4837,Ch_R,22.4632,-45.3468,5.90253
S4837,Sn,0.432247,-37.6749,20.0876
S4837,Ft_L,-57.1728,42.5023,-20.4771
S4837,FT_R,55.517,42.9038,-22.3234
C9721,Ex_L,-42.6932,59.4765,12.4824
C9721,En_L,-14.3458,53.4966,19.4827
C9721,N,3.09118,51.8566,35.8343
C9721,En_R,15.3513,53.3006,17.4848
C9721,Ex_R,43.5005,56.4654,10.2717
C9721,Prn,2.39688,18.8231,47.2023
C9721,Al_L,-13.438,16.7318,26.9861
C9721,Al_R,16.906,16.3528,23.6911
C9721,Sbal_L,-8.85731,12.351,28.2885
C9721,Sbal_R,11.7838,12.4413,28.6234
C9721,Ch_L,-23.9213,-6.11139,14.0684
C9721,Ch_R,23.5747,-6.83514,13.5874
C9721,Sn,1.49856,-4.35867,29.8847
C9721,Ft_L,-58.5541,75.2283,-2.79749
C9721,FT_R,58.5706,74.4219,-6.8881
N9373,Ex_L,-37.6993,62.8829,18.1025
N9373,En_L,-6.90732,59.257,25.9456
N9373,N,7.49975,67.41,41.4798
N9373,En_R,25.063,61.3455,24.7577
N9373,Ex_R,51.8982,61.5154,14.7763
N9373,Prn,6.62549,26.7492,58.3974
N9373,Al_L,-8.49754,20.493,29.3866
N9373,Al_R,22.5851,21.9656,30.4476
N9373,Sbal_L,-2.0656,16.5531,38.2875
N9373,Sbal_R,17.4786,18.6205,39.1789
N9373,Ch_L,-17.2727,-4.57785,21.5786
N9373,Ch_R,31.6457,-2.0374,21.3777
N9373,Sn,8.11838,-1.74665,36.7711
N9373,Ft_L,-51.5474,81.5324,0.783705
N9373,FT_R,62.1588,85.3775,4.05747
J4133,Ex_L,-26.8702,-17.0812,102.759
J4133,En_L,7.45492,-20.725,113.821
J4133,N,20.3361,-20.9383,127.205
J4133,En_R,31.964,-22.3262,114.169
J4133,Ex_R,62.8292,-20.7256,109.493
J4133,Prn,17.0979,-59.9143,146.192
J4133,Al_L,3.38449,-59.4962,119.826
J4133,Al_R,34.3659,-61.1553,118.217
J4133,Sbal_L,8.75535,-67.7736,122.087
J4133,Sbal_R,27.342,-69.6266,122.329
J4133,Ch_L,-9.75107,-92.3093,108.949
J4133,Ch_R,42.588,-91.5719,111.336
J4133,Sn,16.6258,-82.5506,125.264
J4133,Ft_L,-39.8051,4.18164,89.3099
J4133,FT_R,77.6251,3.88796,96.9658
N2591,Ex_L,-34.533,11.464,73.1878
N2591,En_L,-5.97806,5.57545,77.1714
N2591,N,7.06019,2.04692,93.4255
N2591,En_R,22.2984,5.76834,78.2802
N2591,Ex_R,49.2393,8.96453,75.8074
N2591,Prn,7.38951,47.6913,104.713
N2591,Al_L,-7.41524,-28.3536,78.7369
N2591,Al_R,22.7311,-32.7017,82.4728
N2591,Sbal_L,-3.99537,-35.0497,82.4655
N2591,Sbal_R,15.8791,-38.4204,80.4365
N2591,Ch_L,-15.5721,-55.2306,65.8414
N2591,Ch_R,32.6979,-55.9687,67.0019
N2591,Sn,6.42211,-52.4744,80.1171
N2591,Ft_L,-43.9295,27.8706,71.4386
N2591,FT_R,65.4755,26.5868,63.7569
I5747,Ex_L,-31.8848,-0.288166,56.839
I5747,En_L,-3.4983,-2.52558,66.6769
I5747,N,15.9867,0.488655,71.9308
I5747,En_R,33.7787,-7.0708,66.1138
I5747,Ex_R,61.8877,-1.66421,58.3471
I5747,Prn,15.086,-38.7029,83.0854
I5747,Al_L,-2.53104,-46.2081,62.0708
I5747,Al_R,31.8336,-44.3147,66.6005
I5747,Sbal_L,5.65111,-49.4774,67.2431
I5747,Sbal_R,23.3303,-50.3692,68.3905
I5747,Ch_L,-13.3494,-69.308,52.6731
I5747,Ch_R,41.5738,-69.3055,56.4169
I5747,Sn,15.9669,-65.9583,67.941
I5747,Ft_L,-47.9418,35.5846,37.178
I5747,FT_R,72.7618,35.6719,46.094
H1356,Ex_L,-25.8852,95.5473,6.36578
H1356,En_L,2.11549,94.7238,14.2266
H1356,N,18.0755,102.819,29.0233
H1356,En_R,33.1983,96.6842,10.9114
H1356,Ex_R,59.4118,98.4949,3.20399
H1356,Prn,20.4567,62.5328,46.0504
H1356,Al_L,1.64967,58.7159,20.1199
H1356,Al_R,35.0846,59.3716,17.9309
H1356,Sbal_L,9.38418,55.6913,25.2572
H1356,Sbal_R,30.0996,57.2949,24.1435
H1356,Ch_L,-1.96387,34.3808,12.0907
H1356,Ch_R,39.8763,33.3168,8.66218
H1356,Sn,17.445,39.3743,24.1868
H1356,Ft_L,-46.3329,116.273,-15.9497
H1356,FT_R,78.3162,119.499,-24.9509
C8640,Ex_L,-35.1026,9.98625,104.523
C8640,En_L,-5.15304,8.59955,114.393
C8640,N,7.60037,12.5185,129.29
C8640,En_R,24.6672,8.11395,113.936
C8640,Ex_R,54.1926,7.11241,104.612
C8640,Prn,8.69834,-26.421,145.092
C8640,Al_L,-8.32098,-28.2474,118.134
C8640,Al_R,24.0338,-27.949,120.153
C8640,Sbal_L,-1.87525,-34.0331,126.161
C8640,Sbal_R,17.9572,-33.9059,127.195
C8640,Ch_L,-15.0258,-57.9888,112.264
C8640,Ch_R,28.9901,-59.0367,112.729
C8640,Sn,6.49916,-51.9194,128.943
C8640,Ft_L,-45.5984,36.9409,99.9228
C8640,FT_R,64.36,38.2543,103.379
Z7179,Ex_L,-52.8145,55.7251,-27.5416
Z7179,En_L,-22.5892,52.0647,-17.9625
Z7179,N,-8.449,62.9487,-6.15743
Z7179,En_R,9.00192,54.3621,-17.7259
Z7179,Ex_R,37.8957,55.203,-29.3253
Z7179,Prn,-7.9106,17.8827,15.5861
Z7179,Al_L,-25.1754,17.8934,-11.0947
Z7179,Al_R,8.27945,13.8683,-10.4035
Z7179,Sbal_L,-18.7049,9.95025,-5.72352
Z7179,Sbal_R,1.73227,11.1482,-2.23207
Z7179,Ch_L,-30.3437,-11.7259,-18.7458
Z7179,Ch_R,12.5485,-10.2644,-14.588
Z7179,Sn,-7.65102,-6.43337,-2.29675
Z7179,Ft_L,-74.0628,79.5987,-58.5721
Z7179,FT_R,56.3952,78.6284,-56.6095
A3759,Ex_L,-55.9045,27.5015,1.66593
A3759,En_L,-26.9149,24.6669,6.18649
A3759,N,-11.8113,30.75,18.4381
A3759,En_R,4.27935,24.3945,6.50441
A3759,Ex_R,32.6456,25.4196,2.95627
A3759,Prn,-7.65893,-10.2166,36.5762
A3759,Al_L,-27.049,-17.193,7.91635
A3759,Al_R,5.25977,-14.422,6.35255
A3759,Sbal_L,-21.8897,-19.6722,13.5933
A3759,Sbal_R,-0.232104,-18.4786,13.6626
A3759,Ch_L,-37.2159,-46.655,-3.22836
A3759,Ch_R,10.7778,-48.1986,-2.64352
A3759,Sn,-13.0456,-40.1932,12.3239
A3759,Ft_L,-69.9515,52.3188,-14.002
A3759,FT_R,43.8593,57.0406,-2.53229
B1658,Ex_L,-56.2804,15.8262,71.55
B1658,En_L,-26.6777,11.4416,79.3207
B1658,N,-8.5244,10.2152,90.3398
B1658,En_R,6.94499,12.3824,76.6082
B1658,Ex_R,34.5455,17.4107,70.3317
B1658,Prn,-9.55918,54.4115,102.464
B1658,Al_L,-28.6132,-26.3761,79.4795
B1658,Al_R,8.61687,-23.1283,78.1876
B1658,Sbal_L,-21.0494,-29.49,85.3897
B1658,Sbal_R,2.9192,-30.2881,84.2252
B1658,Ch_L,-39.1582,-54.5424,72.1011
B1658,Ch_R,15.664,-54.7301,67.2332
B1658,Sn,-11.7625,-48.4662,88.6696
B1658,Ft_L,-77.0274,38.5674,57.2775
B1658,FT_R,54.1473,41.1899,47.8144
C4828,Ex_L,-31.1605,36.7841,-1.3799
C4828,En_L,1.37549,35.6437,9.72913
C4828,N,16.5315,46.3426,23.9432
C4828,En_R,32.294,36.9107,9.02603
C4828,Ex_R,63.96,40.6656,0.8102
C4828,Prn,11.775,2.06879,44.1574
C4828,Al_L,-2.81794,-2.52462,20.3213
C4828,Al_R,31.8481,-3.31424,12.2493
C4828,Sbal_L,0.777727,-10.3528,15.7272
C4828,Sbal_R,25.2035,-8.84781,20.3353
C4828,Ch_L,-10.8147,-30.9821,7.29081
C4828,Ch_R,35.929,-31.1644,9.63896
C4828,Sn,11.537,-23.0947,22.9974
C4828,Ft_L,-47.2952,74.6697,-18.8067
C4828,FT_R,80.1557,75.8087,-16.7027
B7666,Ex_L,-36.8372,16.7585,64.087
B7666,En_L,-4.05999,14.0683,77.8372
B7666,N,11.4617,19.7378,91.294
B7666,En_R,25.5215,11.5112,78.0358
B7666,Ex_R,55.5331,16.6798,72.7018
B7666,Prn,10.8906,-21.2609,106.763
B7666,Al_L,-7.75395,-24.7455,80.681
B7666,Al_R,26.386,-24.5674,85.2915
B7666,Sbal_L,-1.52698,-30.0571,87.2596
B7666,Sbal_R,17.1799,-31.2996,89.4111
B7666,Ch_L,-17.4125,-52.499,72.8622
B7666,Ch_R,36.3588,-51.12,76.198
B7666,Sn,9.42089,-46.0823,91.7586
B7666,Ft_L,-49.6156,50.0192,52.5181
B7666,FT_R,73.8788,47.8416,52.2358
B3545,Ex_L,-24.4531,24.1111,48.4367
B3545,En_L,1.71054,23.1216,53.4483
B3545,N,17.2464,25.5835,67.3093
B3545,En_R,33.1542,24.9513,53.3702
B3545,Ex_R,60.1475,25.6539,47.5611
B3545,Prn,16.6514,-12.2559,79.3075
B3545,Al_L,0.454466,-11.8232,55.9533
B3545,Al_R,33.2064,-10.6366,57.0552
B3545,Sbal_L,8.89605,-21.9666,61.3313
B3545,Sbal_R,27.1844,-20.3313,62.1268
B3545,Ch_L,-5.21656,-42.1368,44.2341
B3545,Ch_R,40.9181,-40.421,44.4326
B3545,Sn,17.1507,-36.7863,59.7022
B3545,Ft_L,-42.9033,46.9506,30.5421
B3545,FT_R,75.3908,52.1962,36.4531
A2088,Ex_L,-32.9443,32.4323,16.3005
A2088,En_L,-4.49764,29.9786,23.7922
A2088,N,11.5608,31.9584,35.8821
A2088,En_R,29.7023,30.467,25.3722
A2088,Ex_R,56.8712,32.8527,22.3128
A2088,Prn,12.2298,-0.838043,50.5528
A2088,Al_L,-6.06117,-8.67744,25.144
A2088,Al_R,29.6172,-9.20451,27.7425
A2088,Sbal_L,1.88001,-9.66295,31.1242
A2088,Sbal_R,19.5072,-9.64405,32.5893
A2088,Ch_L,-12.3805,-33.8449,13.2741
A2088,Ch_R,38.4471,-31.1343,17.344
A2088,Sn,13.1303,-29.7756,32.0307
A2088,Ft_L,-47.473,56.9603,1.46547
A2088,FT_R,75.0783,57.9864,4.37501
A0960,Ex_L,-32.2349,39.5239,49.8446
A0960,En_L,-1.07307,37.6857,57.3345
A0960,N,11.1409,49.0225,70.7086
A0960,En_R,26.7498,38.7263,55.0633
A0960,Ex_R,57.2947,41.3651,43.7018
A0960,Prn,11.7703,5.69614,88.5824
A0960,Al_L,-1.22007,-1.9846,64.6996
A0960,Al_R,23.8496,-3.09374,62.3049
A0960,Sbal_L,1.40635,-1.24734,70.2771
A0960,Sbal_R,20.6782,-1.69616,69.4912
A0960,Ch_L,-11.9027,-24.5099,56.2385
A0960,Ch_R,34.6697,-25.5597,54.9697
A0960,Sn,10.4637,-19.9895,67.2888
A0960,Ft_L,-47.2716,68.8598,37.1751
A0960,FT_R,65.1502,70.9883,37.4623
H1286,Ex_L,-27.1306,30.4064,19.5023
H1286,En_L,1.54528,27.3449,26.7726
H1286,N,20.208,30.4909,41.1792
H1286,En_R,39.9574,25.8236,26.6551
H1286,Ex_R,69.9855,28.2123,22.4273
H1286,Prn,20.0945,-7.29327,60.8715
H1286,Al_L,-0.0524611,-15.3445,37.0134
H1286,Al_R,41.2074,-16.7246,37.5729
H1286,Sbal_L,7.0517,-16.4979,41.6443
H1286,Sbal_R,32.3563,-17.831,42.2587
H1286,Ch_L,-7.3681,-41.2942,31.4181
H1286,Ch_R,48.4038,-40.965,34.2571
H1286,Sn,18.6353,-30.7001,49.9491
H1286,Ft_L,-42.6259,53.9465,6.14495
H1286,FT_R,85.5736,55.0542,13.891
B6409,Ex_L,-62.1617,-12.0461,72.0931
B6409,En_L,-32.7834,-13.3727,79.8398
B6409,N,-17.7071,-11.2054,94.5278
B6409,En_R,0.125126,-11.6231,80.9305
B6409,Ex_R,28.9118,-12.8096,71.4623
B6409,Prn,-17.3587,-48.5302,107.386
B6409,Al_L,-33.9078,-49.4626,82.8537
B6409,Al_R,-2.40394,-51.0199,83.4368
B6409,Sbal_L,-27.2866,-53.9112,89.0467
B6409,Sbal_R,-7.4729,-54.025,89.6293
B6409,Ch_L,-41.4977,-72.1725,71.0126
B6409,Ch_R,3.3315,-71.7552,74.713
B6409,Sn,-17.6733,-71.8871,86.6658
B6409,Ft_L,-72.0696,11.3119,63.3152
B6409,FT_R,35.731,13.0806,69.0382
N6558,Ex_L,-55.1863,20.1659,96.2682
N6558,En_L,-25.1986,17.7122,102.271
N6558,N,-12.2769,19.1867,121.721
N6558,En_R,4.11326,19.2533,104.055
N6558,Ex_R,31.325,20.6113,99.468
N6558,Prn,-10.6726,-19.8342,133.558
N6558,Al_L,-28.5492,-19.7135,106.016
N6558,Al_R,4.02668,-20.0604,110.437
N6558,Sbal_L,-24.5,-24.2313,110.215
N6558,Sbal_R,-1.62049,-24.2316,114.345
N6558,Ch_L,-37.4561,-43.7922,96.5039
N6558,Ch_R,12.5338,-45.9532,96.5702
N6558,Sn,-12.5511,-39.1551,112.812
N6558,Ft_L,-71.5828,38.8786,77.824
N6558,FT_R,50.2026,41.274,84.6049
N0889,Ex_L,3.55376,31.1411,35.4141
N0889,En_L,32.243,29.3168,42.364
N0889,N,48.2815,32.2783,53.8396
N0889,En_R,61.9788,30.0339,40.0201
N0889,Ex_R,91.6493,30.3259,30.3039
N0889,Prn,48.2099,-6.94896,70.1383
N0889,Al_L,32.7344,-13.3821,42.644
N0889,Al_R,61.6442,-12.6144,42.8563
N0889,Sbal_L,39.0603,-17.6484,50.4574
N0889,Sbal_R,54.7155,-16.722,52.4577
N0889,Ch_L,23.8857,-37.9485,38.8849
N0889,Ch_R,71.9698,-38.3773,37.3384
N0889,Sn,47.9903,-31.9222,54.0838
N0889,Ft_L,-15.4201,61.0068,20.0551
N0889,FT_R,105.283,62.7129,20.8026
C8225,Ex_L,-29.0233,12.2319,81.1201
C8225,En_L,1.42101,10.4092,91.5553
C8225,N,18.7411,10.585,106.45
C8225,En_R,37.0959,8.67134,91.9249
C8225,Ex_R,65.9028,9.19761,86.7151
C8225,Prn,18.3016,-26.7839,118.614
C8225,Al_L,0.186914,-31.013,92.849
C8225,Al_R,34.386,-31.5562,95.297
C8225,Sbal_L,6.58152,-33.6467,99.4923
C8225,Sbal_R,27.6094,-35.0722,99.4576
C8225,Ch_L,-10.8989,-52.5875,77.9867
C8225,Ch_R,44.561,-54.6137,79.3714
C8225,Sn,15.9946,-54.4374,97.9643
C8225,Ft_L,-41.7338,33.3413,63.6947
C8225,FT_R,77.6087,34.1507,73.6335
P0531,Ex_L,-63.8157,100.415,23.2138
P0531,En_L,-33.2382,95.905,31.5561
P0531,N,-15.3133,104.568,40.6416
P0531,En_R,0.866367,96.6336,34.9236
P0531,Ex_R,26.0471,103.014,31.1769
P0531,Prn,-17.8567,66.7581,59.3386
P0531,Al_L,-35.882,61.5754,36.5708
P0531,Al_R,1.84923,61.9758,40.6759
P0531,Sbal_L,-28.2284,57.4591,44.3983
P0531,Sbal_R,-6.42841,57.7841,47.0123
P0531,Ch_L,-42.4228,32.8783,32.6405
P0531,Ch_R,7.00878,33.5675,33.6665
P0531,Sn,-17.2495,38.4407,45.6975
P0531,Ft_L,-78.8372,123.532,2.13153
P0531,FT_R,46.6999,124.201,6.39448
L8682,Ex_L,-62.8952,63.3114,44.0813
L8682,En_L,-33.8974,58.6476,48.84
L8682,N,-16.833,59.3328,56.5093
L8682,En_R,-0.0222836,56.1952,47.8738
L8682,Ex_R,30.2968,63.6148,39.6417
L8682,Prn,-12.0857,22.7375,72.9281
L8682,Al_L,-33.626,16.9811,49.6187
L8682,Al_R,2.36276,15.2861,49.8248
L8682,Sbal_L,-24.786,14.76,54.8285
L8682,Sbal_R,-6.01022,13.8302,54.4684
L8682,Ch_L,-35.9975,-9.6724,47.5519
L8682,Ch_R,9.49854,-8.54307,44.4835
L8682,Sn,-12.6657,-0.421624,61.4118
L8682,Ft_L,-82.6101,96.3684,23.3782
L8682,FT_R,43.9831,96.2791,23.4446
K0457,Ex_L,-57.4475,18.9764,65.0039
K0457,En_L,-26.6039,15.198,73.8388
K0457,N,-11.1673,16.0444,87.8348
K0457,En_R,7.49311,15.8659,75.6779
K0457,Ex_R,37.2797,21.6747,65.4772
K0457,Prn,-11.1173,68.0174,102.151
K0457,Al_L,-25.476,-24.4078,71.1917
K0457,Al_R,5.42799,-25.752,72.3262
K0457,Sbal_L,-18.056,-26.536,78.8795
K0457,Sbal_R,-3.10773,-27.6575,79.5934
K0457,Ch_L,-34.499,-47.6736,66.2958
K0457,Ch_R,11.8451,-49.0648,66.3138
K0457,Sn,-11.5793,-41.1072,80.1553
K0457,Ft_L,-69.1906,42.6667,63.7169
K0457,FT_R,49.9282,39.8451,61.9586
A0524,Ex_L,-28.0032,94.5937,117.997
A0524,En_L,0.51722,90.2856,126.03
A0524,N,18.7758,94.1729,133.566
A0524,En_R,36.3114,93.3521,127.867
A0524,Ex_R,64.7118,96.1523,122.535
A0524,Prn,15.1541,57.9812,149.746
A0524,Al_L,-1.45743,54.6207,128.257
A0524,Al_R,34.6108,54.3131,131.702
A0524,Sbal_L,8.21383,50.7179,135.191
A0524,Sbal_R,25.4684,50.848,135.771
A0524,Ch_L,-2.22936,26.7403,126.873
A0524,Ch_R,40.4109,28.5595,127.713
A0524,Sn,15.9876,35.7173,138.912
A0524,Ft_L,-39.3827,124.085,101.36
A0524,FT_R,74.8335,125.159,110.346
X9181,Ex_L,-49.9842,15.7961,72.1556
X9181,En_L,-21.345,11.9755,77.4527
X9181,N,-6.34252,17.422,84.7969
X9181,En_R,6.83301,11.5546,77.2665
X9181,Ex_R,36.2612,15.4637,70.2534
X9181,Prn,-7.54149,-20.9863,99.0729
X9181,Al_L,-26.1955,-25.6077,79.4584
X9181,Al_R,9.17796,-24.6153,77.626
X9181,Sbal_L,-19.2989,-28.8163,84.5421
X9181,Sbal_R,2.59329,-28.9963,84.3416
X9181,Ch_L,-32.1961,-49.7931,73.2422
X9181,Ch_R,13.425,-50.2486,70.2024
X9181,Sn,-8.25925,-44.078,86.9159
X9181,Ft_L,-59.0399,42.8747,70.0848
X9181,FT_R,45.3575,43.56,67.9216
D9090,Ex_L,-26.2623,25.324,96.9201
D9090,En_L,3.21928,25.1457,106.892
D9090,N,20.4413,26.1657,123.843
D9090,En_R,37.1451,21.7399,106.792
D9090,Ex_R,68.8438,24.4092,97.521
D9090,Prn,23.5844,-14.6895,140.247
D9090,Al_L,7.257,-18.072,110.958
D9090,Al_R,37.3043,-19.2576,112.523
D9090,Sbal_L,13.6468,-22.7943,117.717
D9090,Sbal_R,30.3811,-23.0047,118.46
D9090,Ch_L,-3.29087,-44.5294,101.62
D9090,Ch_R,47.5381,-45.0168,101.014
D9090,Sn,20.9774,-41.4195,117.875
D9090,Ft_L,-39.8156,51.6064,84.1709
D9090,FT_R,85.7232,50.5797,78.6351
K5219,Ex_L,-68.5692,94.2617,-10.165
K5219,En_L,-32.2197,85.6284,0.814058
K5219,N,-15.4157,90.6111,7.17307
K5219,En_R,-1.77774,84.0016,2.44219
K5219,Ex_R,32.1306,90.832,-3.9949
K5219,Prn,-16.1274,53.7159,23.1102
K5219,Al_L,-36.5353,47.6018,0.443613
K5219,Al_R,-0.0449791,47.0194,5.84116
K5219,Sbal_L,-28.5915,45.7843,9.45313
K5219,Sbal_R,-5.25631,44.7289,9.69571
K5219,Ch_L,-42.5883,20.1066,-1.62202
K5219,Ch_R,6.16907,18.6003,2.06614
K5219,Sn,-19.0139,26.5276,16.3481
K5219,Ft_L,-84.9682,118.806,-35.5829
K5219,FT_R,53.1839,119.948,-27.6493
N4220,Ex_L,-51.5021,75.9066,15.6924
N4220,En_L,-20.0594,72.2959,25.2269
N4220,N,-3.65013,75.809,30.9181
N4220,En_R,16.06,74.5878,24.4246
N4220,Ex_R,45.6712,77.5402,14.5969
N4220,Prn,2.32508,42.5594,48.005
N4220,Al_L,-21.5123,39.9586,25.3064
N4220,Al_R,19.5135,41.4553,24.4409
N4220,Sbal_L,-10.42,32.0571,31.4277
N4220,Sbal_R,9.0846,31.4778,31.1846
N4220,Ch_L,-29.3023,8.35882,19.9511
N4220,Ch_R,24.2748,9.01904,20.0773
N4220,Sn,-1.52236,19.4467,35.6679
N4220,Ft_L,-69.8894,98.7672,-7.03305
N4220,FT_R,61.5503,99.4351,-8.92836
A7668,Ex_L,-38.6885,53.692,54.4678
A7668,En_L,-9.4211,50.9788,60.0836
A7668,N,6.52881,57.5331,69.0204
A7668,En_R,24.8122,52.7291,60.0622
A7668,Ex_R,51.6821,53.6145,51.6723
A7668,Prn,9.10918,25.0939,86.4979
A7668,Al_L,-11.9439,16.4218,69.6544
A7668,Al_R,29.0618,16.4336,64.8996
A7668,Sbal_L,-5.32762,14.086,70.9573
A7668,Sbal_R,23.1821,14.2633,70.6044
A7668,Ch_L,-16.0778,-10.5466,64.2272
A7668,Ch_R,33.4196,-10.5813,62.734
A7668,Sn,9.32473,0.0853229,76.4247
A7668,Ft_L,-58.8598,75.6289,37.5833
A7668,FT_R,71.2922,75.9598,32.8188
C0370,Ex_L,-72.4298,37.0057,39.0418
C0370,En_L,-42.334,36.4501,46.3052
C0370,N,-23.9136,45.7545,54.9842
C0370,En_R,-9.04593,36.5315,43.2261
C0370,Ex_R,17.2534,38.5052,33.4881
C0370,Prn,-21.593,4.16921,79.247
C0370,Al_L,-42.2119,-3.44563,57.9101
C0370,Al_R,-6.097,-2.11885,54.1839
C0370,Sbal_L,-35.8409,-1.68699,63.3497
C0370,Sbal_R,-13.753,-4.24575,60.3287
C0370,Ch_L,-49.3512,-33.0613,52.3366
C0370,Ch_R,-0.264748,-32.0164,48.9243
C0370,Sn,-24.46,-14.1801,65.7234
C0370,Ft_L,-95.844,66.3431,5.0108
C0370,FT_R,35.006,67.9541,2.27442
C1717,Ex_L,-49.7777,35.1371,56.8778
C1717,En_L,-19.9607,31.7432,59.8588
C1717,N,-3.03416,33.8919,74.5002
C1717,En_R,11.0623,33.2286,62.805
C1717,Ex_R,41.2029,35.1025,56.8936
C1717,Prn,-2.26972,-1.50954,91.0629
C1717,Al_L,-21.8838,-10.925,64.2288
C1717,Al_R,13.3861,-10.4442,63.2885
C1717,Sbal_L,-14.5605,-12.6588,70.5805
C1717,Sbal_R,7.60219,-11.1488,71.4298
C1717,Ch_L,-29.348,-36.381,62.2137
C1717,Ch_R,21.7838,-35.955,60.4924
C1717,Sn,-3.36089,-24.0593,75.4385
C1717,Ft_L,-75.4716,59.3542,28.7099
C1717,FT_R,61.2295,61.4784,37.0083
P7977,Ex_L,-31.5925,33.7682,66.6168
P7977,En_L,-5.58119,28.2115,71.689
P7977,N,14.4447,31.6735,81.3538
P7977,En_R,32.5346,26.2209,74.4725
P7977,Ex_R,61.1035,31.896,70.9166
P7977,Prn,12.6014,-5.94761,94.6729
P7977,Al_L,-5.09694,-10.0708,73.7538
P7977,Al_R,29.8201,-9.55589,74.808
P7977,Sbal_L,1.66265,-13.8691,81.6865
P7977,Sbal_R,21.9715,-13.671,82.8302
P7977,Ch_L,-14.7457,-34.8755,67.1782
P7977,Ch_R,36.9915,-37.5319,66.6902
P7977,Sn,11.5071,-29.1982,81.3816
P7977,Ft_L,-48.9265,59.3942,37.7729
P7977,FT_R,77.3877,55.4898,53.1034
J6120,Ex_L,-49.5275,12.15,-0.847163
J6120,En_L,-20.1338,9.8812,8.75924
J6120,N,-4.93267,18.787,16.8946
J6120,En_R,12.5198,13.7801,7.50077
J6120,Ex_R,41.0715,14.0031,-4.27479
J6120,Prn,-3.8973,-24.5402,37.4266
J6120,Al_L,-18.9515,-29.8909,16.7228
J6120,Al_R,14.1828,-29.5739,15.587
J6120,Sbal_L,-11.4255,-31.2665,23.0292
J6120,Sbal_R,7.68001,-30.4259,21.5223
J6120,Ch_L,-27.9158,-52.4223,14.6758
J6120,Ch_R,23.551,-53.4842,12.6953
J6120,Sn,-0.499538,-42.8311,26.9704
J6120,Ft_L,-67.89,36.2599,-21.5169
J6120,FT_R,56.7008,38.8515,-22.3398
O3197,Ex_L,-48.82,35.2757,-12.9065
O3197,En_L,-18.6082,34.247,-4.99565
O3197,N,1.67344,40.9015,-1.3278
O3197,En_R,24.0483,34.8854,-4.98718
O3197,Ex_R,53.2258,34.1099,-12.2298
O3197,Prn,-2.41236,2.06735,17.9298
O3197,Al_L,-19.5081,-8.35301,-3.31286
O3197,Al_R,19.1631,-7.36875,1.82382
O3197,Sbal_L,-8.95815,-7.3103,4.65589
O3197,Sbal_R,11.3018,-7.85989,5.27644
O3197,Ch_L,-27.022,-32.9988,-6.1366
O3197,Ch_R,27.031,-34.1097,-3.31466
O3197,Sn,-2.82364,-20.7826,8.6409
O3197,Ft_L,-63.9226,64.3485,-36.4289
O3197,FT_R,65.1573,62.6064,-29.3762
V2625,Ex_L,-51.6411,-9.18074,13.3031
V2625,En_L,-22.2716,-8.81857,22.4353
V2625,N,-7.46023,-0.600109,39.212
V2625,En_R,8.56615,-8.55662,25.1538
V2625,Ex_R,39.3677,-6.42887,19.4011
V2625,Prn,-8.08352,-39.6647,51.6706
V2625,Al_L,-26.0385,-44.7161,23.5063
V2625,Al_R,8.12846,-43.5176,25.9613
V2625,Sbal_L,-18.6345,-51.1337,27.7468
V2625,Sbal_R,-0.508437,-51.2519,29.8823
V2625,Ch_L,-29.2601,-74.142,13.0332
V2625,Ch_R,13.3188,-75.5856,14.6469
V2625,Sn,-8.80144,-70.6239,27.517
V2625,Ft_L,-64.4235,17.6517,5.20705
V2625,FT_R,50.749,18.3317,13.1328
F8424,Ex_L,-47.1105,-6.81293,33.2859
F8424,En_L,-14.546,-7.53487,43.5458
F8424,N,6.05,-1.95868,54.2236
F8424,En_R,26.9009,-7.09327,41.9268
F8424,Ex_R,58.6434,-5.46741,27.8932
F8424,Prn,8.28466,-37.6332,74.9276
F8424,Al_L,-17.6348,-48.2666,48.7507
F8424,Al_R,27.5409,-49.2958,49.9434
F8424,Sbal_L,-9.15065,-51.3165,56.0969
F8424,Sbal_R,16.4548,-52.1247,56.0703
F8424,Ch_L,-20.5295,-83.6142,50.0588
F8424,Ch_R,31.752,-82.3707,49.8672
F8424,Sn,6.24567,-65.9268,65.1301
F8424,Ft_L,-62.6809,33.9574,9.87845
F8424,FT_R,68.5181,36.8143,4.76379
Q0781,Ex_L,-49.2157,24.3877,31.952
Q0781,En_L,-20.4805,21.0593,37.9048
Q0781,N,-5.1909,31.858,53.5157
Q0781,En_R,8.22633,21.1917,36.3655
Q0781,Ex_R,36.6696,23.2497,27.0809
Q0781,Prn,-5.82715,-3.66243,72.9312
Q0781,Al_L,-20.1659,-11.2617,50.5129
Q0781,Al_R,7.81627,-8.89679,47.3941
Q0781,Sbal_L,-15.5781,-12.696,56.1141
Q0781,Sbal_R,0.602884,-12.9361,54.4328
Q0781,Ch_L,-29.0193,-38.0492,45.3593
Q0781,Ch_R,17.169,-37.0676,43.7454
Q0781,Sn,-4.70682,-27.2856,59.383
Q0781,Ft_L,-63.1088,51.1993,19.8804
Q0781,FT_R,45.9357,51.3757,22.6554
S4193,Ex_L,-64.8194,45.7381,29.9195
S4193,En_L,-34.323,45.3635,41.2241
S4193,N,-19.8801,52.4908,56.8355
S4193,En_R,-2.94547,45.4421,41.4593
S4193,Ex_R,26.5389,45.4065,31.4936
S4193,Prn,-19.9085,14.7326,73.8658
S4193,Al_L,-36.1221,12.0086,45.8042
S4193,Al_R,-5.54337,13.7502,48.0354
S4193,Sbal_L,-31.3758,7.25985,52.7581
S4193,Sbal_R,-11.2951,5.71297,53.0678
S4193,Ch_L,-42.6049,-16.3371,41.9374
S4193,Ch_R,4.42761,-15.7137,41.596
S4193,Sn,-20.9701,-11.4943,54.2532
S4193,Ft_L,-76.7847,72.3456,18.2454
S4193,FT_R,38.5187,71.4089,21.5228
E8524,Ex_L,-62.9982,7.09801,13.8276
E8524,En_L,-34.2497,5.97857,23.9922
E8524,N,-17.1762,10.2848,37.1018
E8524,En_R,1.70071,5.1479,25.2735
E8524,Ex_R,30.2436,8.26267,17.1364
E8524,Prn,-16.1105,-27.8805,55.2275
E8524,Al_L,-40.1962,-30.5152,32.4444
E8524,Al_R,6.04883,-31.0306,33.0831
E8524,Sbal_L,-27.9655,-36.9327,36.9316
E8524,Sbal_R,-6.48657,-37.6677,37.9247
E8524,Ch_L,-44.3255,-63.3638,27.2398
E8524,Ch_R,11.8912,-60.7783,27.3353
E8524,Sn,-17.7567,-51.2612,43.97
E8524,Ft_L,-84.099,43.8313,-6.89935
E8524,FT_R,48.9821,45.0465,3.96003
C9427,Ex_L,-41.6582,59.5178,-20.1383
C9427,En_L,-7.12534,55.4727,-7.97989
C9427,N,6.2801,57.4389,6.53186
C9427,En_R,24.0848,57.3234,-9.09685
C9427,Ex_R,55.5208,61.7866,-19.3555
C9427,Prn,7.81124,16.3759,24.2715
C9427,Al_L,-11.1421,17.2336,-5.6226
C9427,Al_R,25.3824,18.1389,-1.30666
C9427,Sbal_L,-5.05871,12.3541,3.52117
C9427,Sbal_R,17.6577,10.5561,1.48072
C9427,Ch_L,-19.4065,-8.37935,-13.3409
C9427,Ch_R,33.7519,-9.19112,-12.1627
C9427,Sn,6.50697,-4.88105,4.04325
C9427,Ft_L,-55.0876,86.2801,-35.1431
C9427,FT_R,64.7725,88.8108,-33.4451
G8293,Ex_L,-55.5419,-19.2244,40.1947
G8293,En_L,-25.7045,-22.0585,44.0187
G8293,N,-7.39914,-10.8415,54.7009
G8293,En_R,11.9539,-22.5151,44.1056
G8293,Ex_R,40.5883,-21.9988,36.2859
G8293,Prn,-6.42954,-48.8859,79.9626
G8293,Al_L,-28.5289,-55.1994,57.1569
G8293,Al_R,16.6357,-54.2929,55.8032
G8293,Sbal_L,-22.421,-57.1059,63.3639
G8293,Sbal_R,8.59299,-58.9294,61.7517
G8293,Ch_L,-36.4123,-86.5358,54.3375
G8293,Ch_R,27.002,-86.5937,49.972
G8293,Sn,-6.13243,-72.4683,72.1838
G8293,Ft_L,-65.2779,6.34371,23.9077
G8293,FT_R,47.7394,8.14295,29.5705
A0434,Ex_L,-44.8967,4.45896,-5.6905
A0434,En_L,-14.3793,4.64044,2.79991
A0434,N,3.49023,14.7998,14.4859
A0434,En_R,21.4997,3.52946,2.06101
A0434,Ex_R,53.2345,4.77535,-10.6654
A0434,Prn,4.75442,-26.9561,37.4947
A0434,Al_L,-13.1983,-32.1054,13.0797
A0434,Al_R,22.6336,-33.9067,12.9254
A0434,Sbal_L,-7.63861,-34.2775,20.5497
A0434,Sbal_R,18.5585,-36.1755,19.0575
A0434,Ch_L,-22.4075,-59.6394,10.366
A0434,Ch_R,31.7164,-60.5212,8.11864
A0434,Sn,3.92141,-50.7173,25.2223
A0434,Ft_L,-61.1941,29.6755,-25.077
A0434,FT_R,64.295,31.1063,-28.6962
G3334,Ex_L,-33.5764,50.6935,103.086
G3334,En_L,-7.11825,50.0023,106.913
G3334,N,13.0756,54.9183,119.397
G3334,En_R,34.5988,51.8573,105.707
G3334,Ex_R,61.166,51.3112,101.073
G3334,Prn,12.8472,13.7911,139.129
G3334,Al_L,-5.93392,8.74598,110.837
G3334,Al_R,31.928,9.27796,110.171
G3334,Sbal_L,0.60905,5.11504,116.623
G3334,Sbal_R,24.3417,6.16891,117.425
G3334,Ch_L,-12.5916,-18.1913,97.9609
G3334,Ch_R,38.4447,-16.8029,94.3326
G3334,Sn,14.1967,-16.4167,112.03
G3334,Ft_L,-67.5258,73.9783,50.7025
G3334,FT_R,88.7626,73.7938,63.6159
N6475,Ex_L,-23.3898,46.0006,64.2366
N6475,En_L,7.91912,44.0896,72.1602
N6475,N,25.7547,50.5035,86.4975
N6475,En_R,41.1482,44.7158,73.2723
N6475,Ex_R,73.6615,48.1119,62.8301
N6475,Prn,22.2302,11.9123,106.558
N6475,Al_L,3.1702,5.41479,79.461
N6475,Al_R,43.7585,5.50208,79.213
N6475,Sbal_L,8.91686,5.08538,89.4202
N6475,Sbal_R,36.8971,5.04919,89.9445
N6475,Ch_L,-3.8579,-26.8221,77.5776
N6475,Ch_R,53.8311,-23.6442,78.9344
N6475,Sn,22.9771,-17.9471,95.7863
N6475,Ft_L,-47.601,72.7344,31.5913
N6475,FT_R,95.3389,68.5392,32.504
B9598,Ex_L,-47.8008,-10.0169,18.396
B9598,En_L,-16.0743,-12.4981,22.5941
B9598,N,5.43876,-7.43952,38.5313
B9598,En_R,24.1283,-14.4859,24.0884
B9598,Ex_R,51.5455,-11.455,19.1543
B9598,Prn,4.09344,-41.045,61.249
B9598,Al_L,-16.9998,-54.9993,34.889
B9598,Al_R,22.1436,-55.6088,34.9433
B9598,Sbal_L,-9.85828,-54.4758,40.3726
B9598,Sbal_R,14.5192,-52.5066,44.5271
B9598,Ch_L,-23.4979,-82.7245,35.2722
B9598,Ch_R,29.8574,-81.4702,32.212
B9598,Sn,2.8944,-76.371,47.1181
B9598,Ft_L,-56.8297,5.4639,8.11067
B9598,FT_R,62.4672,5.67195,3.64524
R7762,Ex_L,-40.0595,72.5608,44.2094
R7762,En_L,-7.3821,70.8547,53.149
R7762,N,8.51784,82.0557,70.0472
R7762,En_R,30.4384,71.4463,55.7529
R7762,Ex_R,61.5766,72.3235,48.8992
R7762,Prn,9.89037,40.522,96.3223
R7762,Al_L,-7.35093,36.046,64.7793
R7762,Al_R,26.5659,35.2669,65.5843
R7762,Sbal_L,-0.240919,34.1382,80.3452
R7762,Sbal_R,18.4768,31.7414,77.0886
R7762,Ch_L,-20.2395,7.36615,61.187
R7762,Ch_R,34.4495,4.77298,63.6657
R7762,Sn,7.02369,12.412,77.0334
R7762,Ft_L,-53.9367,100.584,27.2211
R7762,FT_R,79.4818,99.5133,23.0576
B2158,Ex_L,-36.3285,8.94556,-17.2482
B2158,En_L,-5.58207,6.11882,-8.45103
B2158,N,9.94595,15.9239,4.9557
B2158,En_R,28.5452,8.71737,-9.6442
B2158,Ex_R,57.591,7.23488,-18.0865
B2158,Prn,9.16104,-21.5292,32.035
B2158,Al_L,-9.19414,-30.1919,2.07149
B2158,Al_R,27.9393,-29.441,2.91233
B2158,Sbal_L,-0.672036,-32.5645,11.1018
B2158,Sbal_R,21.1743,-32.5077,11.6025
B2158,Ch_L,-16.685,-57.3248,0.771849
B2158,Ch_R,37.1918,-61.3624,-2.40958
B2158,Sn,10.859,-51.7601,15.7918
B2158,Ft_L,-50.9326,32.0033,-33.1276
B2158,FT_R,66.7771,32.2472,-23.8683
I9264,Ex_L,-49.1754,89.0604,6.73644
I9264,En_L,-17.414,86.2954,15.5386
I9264,N,-0.23077,91.3666,26.7923
I9264,En_R,17.8479,84.1398,16.7444
I9264,Ex_R,50.005,85.0198,9.00746
I9264,Prn,-1.41174,53.8634,43.3188
I9264,Al_L,-21.9607,47.6211,16.3443
I9264,Al_R,20.5815,45.4231,18.737
I9264,Sbal_L,-15.8438,41.62,22.5829
I9264,Sbal_R,14.0279,39.6769,22.7399
I9264,Ch_L,-29.2937,20.0957,7.5367
I9264,Ch_R,25.2344,17.6911,12.5159
I9264,Sn,-3.62434,24.3173,26.3057
I9264,Ft_L,-67.5976,112.111,-19.4631
I9264,FT_R,72.2357,112.654,-16.1416
H6888,Ex_L,-8.35073,44.9008,31.3212
H6888,En_L,22.7556,38.004,37.3594
H6888,N,41.6005,40.3752,45.2446
H6888,En_R,60.454,35.4556,38.7677
H6888,Ex_R,94.2258,40.6221,31.7062
H6888,Prn,42.392,-3.96519,62.8778
H6888,Al_L,21.4621,-2.4227,42.9137
H6888,Al_R,61.6284,-3.64364,37.5508
H6888,Sbal_L,24.3089,-10.6539,41.8778
H6888,Sbal_R,53.9922,-11.1701,43.7897
H6888,Ch_L,14.5602,-33.9006,32.3769
H6888,Ch_R,70.2857,-34.8282,33.8728
H6888,Sn,40.8698,-27.8814,48.1982
H6888,Ft_L,-23.9179,73.0072,8.11986
H6888,FT_R,112.451,70.1448,15.3589
G5756,Ex_L,-33.9861,93.6035,66.2586
G5756,En_L,-6.61942,93.2122,70.4859
G5756,N,11.2594,100.067,89.4614
G5756,En_R,27.057,94.4662,69.9288
G5756,Ex_R,54.9933,93.0533,63.435
G5756,Prn,15.79,54.9433,113.991
G5756,Al_L,-6.64924,52.781,80.1242
G5756,Al_R,27.5023,52.3125,86.8434
G5756,Sbal_L,-0.341292,46.0429,86.3547
G5756,Sbal_R,23.0553,45.5073,85.3779
G5756,Ch_L,-17.9586,17.7048,73.8965
G5756,Ch_R,34.7881,16.3259,73.3203
G5756,Sn,9.11151,23.0728,91.0597
G5756,Ft_L,-47.2644,118.958,54.9415
G5756,FT_R,67.3939,120.978,53.5807
U0216,Ex_L,-60.1094,22.4682,23.6924
U0216,En_L,-29.7218,22.002,31.4765
U0216,N,-10.2841,28.4421,48.6443
U0216,En_R,6.9568,23.2517,31.7612
U0216,Ex_R,40.3209,21.7654,21.2601
U0216,Prn,-6.57227,-13.2875,68.3085
U0216,Al_L,-30.701,-14.176,37.8868
U0216,Al_R,10.3529,-14.1348,37.9646
U0216,Sbal_L,-23.9674,-20.1001,44.2989
U0216,Sbal_R,0.837732,-22.3688,44.857
U0216,Ch_L,-39.7751,-45.4633,31.7699
U0216,Ch_R,19.1252,-45.8135,32.4043
U0216,Sn,-10.6969,-39.5396,48.997
U0216,Ft_L,-76.0582,41.9521,-8.96597
U0216,FT_R,57.7576,42.1151,-17.006
Q6105,Ex_L,-30.3998,88.5547,43.9538
Q6105,En_L,-0.672577,84.9665,48.5048
Q6105,N,17.4857,91.9315,53.9501
Q6105,En_R,37.7176,84.6939,47.0514
Q6105,Ex_R,68.8574,86.1796,39.9974
Q6105,Prn,16.8321,52.7618,75.7266
Q6105,Al_L,-3.97877,46.3306,54.7063
Q6105,Al_R,39.5644,46.6446,52.1542
Q6105,Sbal_L,2.70105,39.2069,59.8862
Q6105,Sbal_R,29.7191,40.223,59.4186
Q6105,Ch_L,-10.377,18.5334,49.6408
Q6105,Ch_R,44.9503,19.2353,49.0842
Q6105,Sn,17.8603,21.9772,66.7911
Q6105,Ft_L,-50.2947,118.709,15.0539
Q6105,FT_R,84.7006,119.472,16.63
G8902,Ex_L,-69.356,52.5778,-7.79246
G8902,En_L,-44.6391,53.5527,-3.70758
G8902,N,-21.8831,58.7455,17.9102
G8902,En_R,0.265917,53.0163,-1.65205
G8902,Ex_R,28.1531,55.0039,-10.0591
G8902,Prn,-20.6193,18.5195,36.8656
G8902,Al_L,-36.4927,9.3709,8.03826
G8902,Al_R,-3.44383,10.6507,6.07779
G8902,Sbal_L,-32.0443,10.2016,17.2851
G8902,Sbal_R,-11.3822,9.945,17.1791
G8902,Ch_L,-48.7118,-12.5332,-1.78801
G8902,Ch_R,3.49337,-14.6249,-3.23376
G8902,Sn,-20.9212,-8.38741,13.3306
G8902,Ft_L,-89.1424,72.5847,-25.4391
G8902,FT_R,46.2862,73.789,-29.8929
D2742,Ex_L,-51.0358,54.164,25.2584
D2742,En_L,-19.3815,49.0614,35.5443
D2742,N,-0.780358,50.57,47.2607
D2742,En_R,18.4769,49.6344,37.2647
D2742,Ex_R,49.5863,54.4106,29.3217
D2742,Prn,-2.71317,17.361,63.4741
D2742,Al_L,-20.643,9.43134,31.57
D2742,Al_R,17.3243,9.82458,35.2371
D2742,Sbal_L,-15.3515,3.85017,38.4711
D2742,Sbal_R,13.1706,3.09976,39.7499
D2742,Ch_L,-29.2721,-20.2542,25.8964
D2742,Ch_R,24.7032,-21.9491,29.968
D2742,Sn,-2.72222,-11.2001,46.546
D2742,Ft_L,-62.5755,86.5347,16.445
D2742,FT_R,58.6519,87.6588,22.7357
A9085,Ex_L,-47.1487,14.6635,84.7013
A9085,En_L,-15.7316,11.4171,95.2758
A9085,N,0.873483,16.3858,108.899
A9085,En_R,20.694,10.2344,96.6738
A9085,Ex_R,53.4822,14.1221,90.0594
A9085,Prn,0.995,-26.5276,124.121
A9085,Al_L,-16.9951,-33.5009,95.0889
A9085,Al_R,22.6999,-34.4446,97.9702
A9085,Sbal_L,-7.95164,-36.4453,103.057
A9085,Sbal_R,12.2128,-36.3097,105.86
A9085,Ch_L,-22.5177,-60.9152,88.628
A9085,Ch_R,29.1872,-59.1449,92.6694
A9085,Sn,1.84985,-57.2485,107.232
A9085,Ft_L,-58.8387,51.6807,70.6972
A9085,FT_R,67.7351,49.2788,74.0835
C5248,Ex_L,-35.5996,-5.0817,31.5074
C5248,En_L,-6.45304,-2.31134,38.3544
C5248,N,9.95294,5.52055,53.3126
C5248,En_R,27.9392,-1.08444,37.8447
C5248,Ex_R,55.6987,-1.71652,28.4211
C5248,Prn,11.2119,-32.1213,78.4813
C5248,Al_L,-4.04527,-40.8707,49.7121
C5248,Al_R,29.0516,-38.1794,47.1954
C5248,Sbal_L,1.81398,-40.6534,59.0263
C5248,Sbal_R,21.3381,-40.9211,57.5775
C5248,Ch_L,-12.4819,-70.7442,46.1761
C5248,Ch_R,37.5278,-69.4453,45.8308
C5248,Sn,11.1072,-62.2552,62.4773
C5248,Ft_L,-53.4576,16.045,11.1926
C5248,FT_R,69.5626,15.6853,4.71194
L7246,Ex_L,-44.6992,82.5204,72.1828
L7246,En_L,-13.5807,81.554,80.369
L7246,N,-1.23835,86.5586,98.2505
L7246,En_R,16.3483,82.5954,83.8764
L7246,Ex_R,43.9782,83.1357,77.9463
L7246,Prn,0.661281,41.9221,113.558
L7246,Al_L,-14.6273,36.3963,83.6718
L7246,Al_R,15.662,34.5439,84.1976
L7246,Sbal_L,-7.38033,32.1475,91.3307
L7246,Sbal_R,7.39721,31.1365,93.004
L7246,Ch_L,-24.7238,11.4543,74.9257
L7246,Ch_R,21.0895,7.84599,74.4621
L7246,Sn,0.23832,14.7472,89.5347
L7246,Ft_L,-65.0234,99.0836,46.526
L7246,FT_R,64.4254,103.516,54.1774
J6706,Ex_L,-15.5808,76.611,20.6119
J6706,En_L,15.0849,75.8128,32.5384
J6706,N,33.3539,82.1052,49.9509
J6706,En_R,52.0155,76.014,29.025
J6706,Ex_R,84.2466,74.0264,16.2005
J6706,Prn,32.0758,43.3486,69.6255
J6706,Al_L,16.7255,31.1323,40.8794
J6706,Al_R,51.5236,32.6382,39.3903
J6706,Sbal_L,24.6504,32.3704,48.347
J6706,Sbal_R,42.7003,30.3702,49.3527
J6706,Ch_L,7.33731,9.23451,34.1031
J6706,Ch_R,61.1448,8.29192,31.6835
J6706,Sn,32.6317,15.1745,51.4476
J6706,Ft_L,-30.6749,96.3701,4.30766
J6706,FT_R,96.672,93.6593,-4.08314
C5089,Ex_L,-56.262,46.0532,32.9185
C5089,En_L,-27.03,48.3439,37.5812
C5089,N,-8.90664,58.0002,54.8764
C5089,En_R,8.33653,48.4143,36.5492
C5089,Ex_R,35.4322,45.0994,34.3274
C5089,Prn,-10.5682,16.7654,84.0477
C5089,Al_L,-26.0188,11.9819,54.2226
C5089,Al_R,7.83525,12.4405,53.6428
C5089,Sbal_L,-21.5428,7.7529,65.0554
C5089,Sbal_R,1.83306,7.50493,65.9438
C5089,Ch_L,-35.176,-20.9726,53.7865
C5089,Ch_R,17.4686,-19.8316,56.8221
C5089,Sn,-10.1414,-11.2826,70.1849
C5089,Ft_L,-71.098,77.0783,22.733
C5089,FT_R,53.9567,76.8475,12.4764
I0255,Ex_L,-32.5089,75.7527,45.6802
I0255,En_L,1.48408,71.0269,53.8118
I0255,N,13.5748,75.0885,73.7331
I0255,En_R,30.7743,73.2877,53.6013
I0255,Ex_R,63.765,73.9262,46.7447
I0255,Prn,10.0282,34.4783,93.2415
I0255,Al_L,-6.4165,33.8916,63.6922
I0255,Al_R,32.932,34.9361,63.7413
I0255,Sbal_L,1.36184,28.8099,73.6226
I0255,Sbal_R,26.5944,28.5985,71.1187
I0255,Ch_L,-13.4547,4.65848,58.4954
I0255,Ch_R,41.5649,5.09272,58.7305
I0255,Sn,13.4789,9.77278,75.2877
I0255,Ft_L,-52.6033,97.9473,13.3567
I0255,FT_R,80.739,98.6982,15.6724
A5474,Ex_L,-55.9919,51.5997,41.2151
A5474,En_L,-22.9615,48.0102,52.0606
A5474,N,-9.62921,51.7935,67.0756
A5474,En_R,9.94983,49.5749,51.9033
A5474,Ex_R,41.9155,51.7735,44.0754
A5474,Prn,-7.57355,19.0599,87.8019
A5474,Al_L,-30.3476,15.0747,60.1955
A5474,Al_R,15.9379,13.3417,61.437
A5474,Sbal_L,-21.2328,8.44311,70.0584
A5474,Sbal_R,4.97191,9.50648,75.8173
A5474,Ch_L,-37.8399,-14.4275,54.2887
A5474,Ch_R,17.7706,-17.4699,56.927
A5474,Sn,-8.53997,-8.9481,73.2784
A5474,Ft_L,-68.3291,74.934,20.8096
A5474,FT_R,51.921,77.6246,29.6581
U2801,Ex_L,-62.6954,1.67172,-8.60023
U2801,En_L,-26.1417,3.14016,4.56791
U2801,N,-12.793,14.4998,17.0625
U2801,En_R,4.30033,2.00541,2.46826
U2801,Ex_R,36.7316,1.40076,-5.06526
U2801,Prn,-12.0235,-29.5977,41.6018
U2801,Al_L,-31.4115,-34.5098,13.7523
U2801,Al_R,3.67012,-36.5263,12.2363
U2801,Sbal_L,-22.7515,-37.284,21.4224
U2801,Sbal_R,-1.93074,-36.3147,20.8816
U2801,Ch_L,-38.2768,-64.1738,5.06536
U2801,Ch_R,10.3119,-64.0929,6.25698
U2801,Sn,-14.5514,-60.7907,22.531
U2801,Ft_L,-74.2677,27.2598,-18.0099
U2801,FT_R,53.1292,24.6572,-20.1848
O5188,Ex_L,-44.3003,47.7267,77.0938
O5188,En_L,-15.5463,43.8479,87.3708
O5188,N,2.20407,54.1599,109.114
O5188,En_R,18.6964,46.7176,86.4597
O5188,Ex_R,48.1105,44.6604,77.9949
O5188,Prn,-0.346312,7.52124,127.67
O5188,Al_L,-17.4322,4.19923,94.6566
O5188,Al_R,17.2353,5.67595,97.1954
O5188,Sbal_L,-8.44862,-1.2233,105.536
O5188,Sbal_R,10.6844,-0.352137,105.228
O5188,Ch_L,-25.3404,-24.5532,86.3844
O5188,Ch_R,27.1784,-23.2522,86.7884
O5188,Sn,0.405927,-15.5215,105.331
O5188,Ft_L,-67.1446,74.7437,49.951
O5188,FT_R,71.4683,75.7918,56.0943
N8513,Ex_L,-57.6083,38.5202,3.43475
N8513,En_L,-25.7587,37.1681,20.6498
N8513,N,-13.0628,41.0085,34.1719
N8513,En_R,2.38314,38.1624,20.511
N8513,Ex_R,35.0333,37.0234,7.66866
N8513,Prn,-13.4896,4.27401,49.321
N8513,Al_L,-32.1432,6.32845,22.5518
N8513,Al_R,3.34684,5.08794,26.3371
N8513,Sbal_L,-25.4031,-0.328375,31.9021
N8513,Sbal_R,-2.44409,-1.26109,33.9686
N8513,Ch_L,-38.5247,-23.8269,17.225
N8513,Ch_R,10.8428,-25.3514,20.1184
N8513,Sn,-16.0765,-17.9439,34.6117
N8513,Ft_L,-64.7261,61.6195,7.55261
N8513,FT_R,42.5093,62.8861,10.8678
Q1126,Ex_L,-46.2537,105.952,6.61837
Q1126,En_L,-16.0659,99.4534,12.5969
Q1126,N,5.27135,102.295,19.9984
Q1126,En_R,27.438,100.128,11.3308
Q1126,Ex_R,58.3378,103.993,0.154022
Q1126,Prn,4.45068,64.6215,38.5649
Q1126,Al_L,-16.1645,52.8272,16.8208
Q1126,Al_R,25.9573,55.7029,11.6111
Q1126,Sbal_L,-5.12758,46.7514,20.0641
Q1126,Sbal_R,17.1032,48.4554,21.3913
Q1126,Ch_L,-24.0572,20.015,7.7774
Q1126,Ch_R,33.6665,21.1907,6.89078
Q1126,Sn,5.03792,27.541,25.13
Q1126,Ft_L,-68.8883,128.273,-35.8277
Q1126,FT_R,77.2155,129.962,-38.9403
J4635,Ex_L,-57.7565,2.1164,14.768
J4635,En_L,-27.5442,1.12196,24.5764
J4635,N,-8.91912,9.72235,37.2877
J4635,En_R,14.387,1.82686,27.0319
J4635,Ex_R,45.3702,4.65667,19.9741
J4635,Prn,-11.3894,-37.571,57.2769
J4635,Al_L,-27.7329,-41.4925,25.2351
J4635,Al_R,13.2661,-42.9257,29.3539
J4635,Sbal_L,-22.0003,-50.6252,28.9124
J4635,Sbal_R,3.9293,-49.5907,34.9446
J4635,Ch_L,-31.0284,-75.7726,17.9068
J4635,Ch_R,21.6067,-73.9003,18.468
J4635,Sn,-5.73194,-72.2744,36.3239
J4635,Ft_L,-73.3381,33.1457,-4.59446
J4635,FT_R,65.5017,33.7072,-2.01681
F8698,Ex_L,-48.3008,18.2142,41.3828
F8698,En_L,-16.3269,17.4106,53.6839
F8698,N,2.79164,20.2855,63.6614
F8698,En_R,21.6254,16.932,56.7123
F8698,Ex_R,54.7086,17.5239,49.6031
F8698,Prn,2.5092,-20.9742,82.7161
F8698,Al_L,-19.2783,-21.2761,55.9329
F8698,Al_R,22.5161,-25.719,59.6937
F8698,Sbal_L,-11.7813,-28.3115,62.989
F8698,Sbal_R,14.8745,-29.6959,64.6925
F8698,Ch_L,-26.0228,-52.3473,45.9495
F8698,Ch_R,28.571,-53.4726,51.7238
F8698,Sn,-0.789501,-46.8423,67.9747
F8698,Ft_L,-64.6545,49.2529,23.1611
F8698,FT_R,71.2428,50.1599,35.5935
D8720,Ex_L,-70.7586,76.9416,38.0534
D8720,En_L,-39.8175,72.688,47.8385
D8720,N,-22.6741,77.1498,54.6181
D8720,En_R,-3.49118,73.8896,47.0641
D8720,Ex_R,26.5454,75.5893,39.4112
D8720,Prn,-22.4581,37.0013,69.4088
D8720,Al_L,-43.938,36.8564,49.6856
D8720,Al_R,0.788004,36.7875,49.2167
D8720,Sbal_L,-34.641,25.7333,52.1509
D8720,Sbal_R,-5.00958,26.0977,50.6087
D8720,Ch_L,-46.9096,3.40399,44.2091
D8720,Ch_R,5.40521,2.68117,42.5113
D8720,Sn,-22.5349,9.10464,58.5642
D8720,Ft_L,-88.3938,107.096,16.5956
D8720,FT_R,46.9013,106.255,16.5719
R9888,Ex_L,-74.4539,36.182,-31.5925
R9888,En_L,-46.8042,33.8889,-19.9629
R9888,N,-26.9795,38.8909,-1.8375
R9888,En_R,-5.82111,33.0738,-19.099
R9888,Ex_R,20.5257,33.2654,-25.1688
R9888,Prn,-26.6275,0.590997,18.7025
R9888,Al_L,-44.2146,-8.81346,-11.1896
R9888,Al_R,-8.33293,-9.79524,-10.4944
R9888,Sbal_L,-37.6451,-8.5736,0.169296
R9888,Sbal_R,-15.2484,-6.65624,5.25623
R9888,Ch_L,-55.0203,-31.5497,-12.3414
R9888,Ch_R,0.687359,-36.4416,-11.2984
R9888,Sn,-28.0832,-23.4906,2.81099
R9888,Ft_L,-90.2082,57.6482,-60.2903
R9888,FT_R,38.3139,57.4687,-53.7535
K2660,Ex_L,-86.2217,31.386,7.42487
K2660,En_L,-53.6819,34.5007,13.6568
K2660,N,-34.2318,38.3907,31.2662
K2660,En_R,-17.6805,35.0648,13.8345
K2660,Ex_R,12.0262,32.6691,8.72271
K2660,Prn,-36.7107,0.318339,54.2584
K2660,Al_L,-55.407,-6.49551,24.2635
K2660,Al_R,-15.4628,-6.52146,25.8003
K2660,Sbal_L,-48.7672,-7.71363,33.6769
K2660,Sbal_R,-22.2024,-7.26134,35.86
K2660,Ch_L,-62.9226,-35.5785,19.1074
K2660,Ch_R,-6.59775,-33.3237,18.4386
K2660,Sn,-34.2161,-27.7266,35.9617
K2660,Ft_L,-106.008,58.0426,-12.5318
K2660,FT_R,34.3871,58.2737,-14.9254
C9826,Ex_L,-50.1905,53.879,-8.23545
C9826,En_L,-17.6896,50.9274,4.20617
C9826,N,-0.498638,53.4051,21.749
C9826,En_R,15.2544,49.3812,5.1705
C9826,Ex_R,50.1023,51.0487,-7.1944
C9826,Prn,-0.0279928,16.462,38.8719
C9826,Al_L,-19.9133,6.98189,8.14052
C9826,Al_R,16.937,6.84952,8.62528
C9826,Sbal_L,-11.1995,6.21544,19.6176
C9826,Sbal_R,8.2829,5.34893,17.8428
C9826,Ch_L,-21.9657,-22.3725,4.18158
C9826,Ch_R,25.9976,-20.8223,2.60066
C9826,Sn,0.573979,-13.9695,19.6065
C9826,Ft_L,-62.0652,79.118,-27.281
C9826,FT_R,59.9815,81.541,-22.4507
J7236,Ex_L,-38.658,36.6079,24.945
J7236,En_L,-6.5253,33.9477,29.8932
J7236,N,9.051,40.9479,44.8223
J7236,En_R,25.74,32.6076,28.9146
J7236,Ex_R,56.291,30.5015,21.2442
J7236,Prn,9.51854,-2.1485,68.7539
J7236,Al_L,-8.25057,-5.68926,38.6569
J7236,Al_R,25.4507,-6.22369,41.6328
J7236,Sbal_L,-2.44379,-4.25436,50.4606
J7236,Sbal_R,20.253,-6.12404,50.4664
J7236,Ch_L,-14.2836,-35.3702,40.4443
J7236,Ch_R,32.9271,-34.2346,37.1072
J7236,Sn,9.00604,-24.7824,52.8822
J7236,Ft_L,-63.804,61.311,-10.3311
J7236,FT_R,80.0615,61.9061,-10.3894
R5605,Ex_L,-46.7878,66.094,5.81356
R5605,En_L,-15.46,59.6758,19.4338
R5605,N,3.31639,66.4745,37.8765
R5605,En_R,23.0501,59.218,18.461
R5605,Ex_R,53.4142,63.4967,8.96142
R5605,Prn,1.97947,22.3386,53.2406
R5605,Al_L,-19.5147,19.9277,22.9446
R5605,Al_R,21.7355,19.7409,25.722
R5605,Sbal_L,-12.0178,15.4305,28.8777
R5605,Sbal_R,12.7488,15.6206,32.6913
R5605,Ch_L,-27.4689,-9.00065,18.2558
R5605,Ch_R,26.7214,-9.42867,19.1466
R5605,Sn,-1.03103,-3.90624,34.8735
R5605,Ft_L,-60.2478,90.9701,-14.2656
R5605,FT_R,68.8258,90.3104,-9.59808
P5603,Ex_L,-44.3742,28.3939,25.8595
P5603,En_L,-10.6768,27.5447,37.5706
P5603,N,8.21835,33.5587,58.2926
P5603,En_R,25.5767,26.5138,38.5846
P5603,Ex_R,59.4768,25.9977,30.9433
P5603,Prn,8.77897,-18.4142,76.3082
P5603,Al_L,-12.8636,-17.1105,42.1388
P5603,Al_R,27.4418,-15.4364,44.8568
P5603,Sbal_L,-6.34227,-21.3049,52.9301
P5603,Sbal_R,20.6706,-22.5368,54.0496
P5603,Ch_L,-19.4042,-41.214,38.1866
P5603,Ch_R,31.9704,-43.7255,40.0443
P5603,Sn,7.88608,-42.9616,52.6169
P5603,Ft_L,-56.7421,55.258,16.7488
P5603,FT_R,69.7704,54.0705,28.4901
X5401,Ex_L,-42.1069,63.6127,10.3914
X5401,En_L,-14.2553,64.3963,13.0163
X5401,N,3.42795,70.384,28.8447
X5401,En_R,21.1532,63.1347,12.0407
X5401,Ex_R,50.4737,63.9413,8.89673
X5401,Prn,0.571201,24.0241,46.7122
X5401,Al_L,-17.2445,20.0335,18.4618
X5401,Al_R,21.3942,18.3631,19.3663
X5401,Sbal_L,-11.7427,14.2265,22.5162
X5401,Sbal_R,12.2384,13.5905,25.3623
X5401,Ch_L,-23.4569,-12.6814,-0.469513
X5401,Ch_R,28.4937,-13.7956,3.68364
X5401,Sn,0.857461,-10.7377,20.4742
X5401,Ft_L,-75.0628,96.6038,-38.758
X5401,FT_R,77.0429,94.5371,-35.1805
Y6857,Ex_L,-65.9572,48.4067,10.6443
Y6857,En_L,-31.608,44.4206,17.767
Y6857,N,-11.8445,42.4808,32.0714
Y6857,En_R,-0.52359,42.3275,15.8179
Y6857,Ex_R,30.9457,46.4492,9.55649
Y6857,Prn,-18.3416,5.3487,54.3722
Y6857,Al_L,-36.7456,-1.59481,24.098
Y6857,Al_R,2.03115,2.61845,25.231
Y6857,Sbal_L,-30.3566,-4.92873,30.2902
Y6857,Sbal_R,-7.77728,-5.70224,31.8739
Y6857,Ch_L,-44.3726,-31.0664,15.2564
Y6857,Ch_R,8.89653,-30.0664,16.8437
Y6857,Sn,-18.6019,-26.7807,31.1768
Y6857,Ft_L,-85.2741,76.5016,-24.357
Y6857,FT_R,50.4541,78.3974,-14.9494
A0443,Ex_L,-56.1347,64.1763,-2.12118
A0443,En_L,-23.3124,61.3292,5.9261
A0443,N,-8.0207,68.3342,23.6939
A0443,En_R,11.4526,59.9956,5.69784
A0443,Ex_R,48.6237,60.697,-3.63579
A0443,Prn,-7.16037,20.9887,40.6399
A0443,Al_L,-28.4514,19.919,9.32561
A0443,Al_R,14.597,21.7949,12.7777
A0443,Sbal_L,-19.1307,16.5422,16.8971
A0443,Sbal_R,4.23032,15.5174,17.5463
A0443,Ch_L,-35.6912,-6.88162,1.68996
A0443,Ch_R,22.8398,-10.9252,4.15166
A0443,Sn,-9.91918,-4.2022,21.2368
A0443,Ft_L,-77.6868,90.7713,-34.1859
A0443,FT_R,65.3879,90.4766,-22.3614
R6809,Ex_L,-53.6228,-1.86703,-18.5953
R6809,En_L,-24.9286,-2.43437,-9.09153
R6809,N,-10.2827,8.59293,5.15379
R6809,En_R,4.78563,-0.970989,-9.91697
R6809,Ex_R,32.5252,1.0589,-14.8101
R6809,Prn,-19.5346,-33.2637,33.0165
R6809,Al_L,-35.8382,-38.8177,-3.01338
R6809,Al_R,2.59055,-35.6236,5.19997
R6809,Sbal_L,-26.1129,-42.6232,16.1157
R6809,Sbal_R,-8.75628,-42.4099,13.0782
R6809,Ch_L,-39.4476,-60.7547,-2.89503
R6809,Ch_R,11.7458,-59.8215,0.761456
R6809,Sn,-15.905,-55.9526,15.3017
R6809,Ft_L,-74.4308,30.4319,-42.5897
R6809,FT_R,51.4845,33.21,-36.615
B4575,Ex_L,-58.4199,22.6098,54.6877
B4575,En_L,-27.8636,18.1565,64.9794
B4575,N,-6.6046,23.1659,74.933
B4575,En_R,13.3474,17.0443,66.1269
B4575,Ex_R,45.3182,20.3404,55.4512
B4575,Prn,-10.4215,-9.93251,95.3525
B4575,Al_L,-31.5797,-17.9065,71.0867
B4575,Al_R,11.7409,-18.2523,74.6796
B4575,Sbal_L,-22.752,-20.076,77.6988
B4575,Sbal_R,-0.906003,-22.4829,80.773
B4575,Ch_L,-34.5611,-50.2752,72.0098
B4575,Ch_R,22.1422,-50.3681,71.7786
B4575,Sn,-11.9271,-34.7032,88.0841
B4575,Ft_L,-76.0784,59.1493,19.0272
B4575,FT_R,62.6875,60.2468,31.9588
C9896,Ex_L,-59.0616,39.5783,-28.098
C9896,En_L,-30.3961,34.9248,-20.16
C9896,N,-5.88833,42.7446,-10.7485
C9896,En_R,17.6858,33.9214,-18.8371
C9896,Ex_R,49.6054,37.0555,-29.0993
C9896,Prn,-7.43823,0.117927,8.28554
C9896,Al_L,-30.5152,-9.35122,-14.1661
C9896,Al_R,14.4998,-5.92669,-11.4481
C9896,Sbal_L,-20.6023,-13.493,-6.76125
C9896,Sbal_R,3.05954,-11.8724,-5.76546
C9896,Ch_L,-36.8929,-38.3623,-18.5913
C9896,Ch_R,24.172,-35.1547,-18.3393
C9896,Sn,-7.6714,-29.5118,-1.53954
C9896,Ft_L,-75.5669,74.5606,-53.8785
C9896,FT_R,63.2838,75.6469,-47.5231
A9886,Ex_L,-49.3801,52.5153,19.6916
A9886,En_L,-14.5715,49.599,30.4081
A9886,N,2.08495,51.4978,47.2332
A9886,En_R,20.9989,48.8741,30.9222
A9886,Ex_R,54.8167,48.4788,21.0601
A9886,Prn,1.40515,12.7124,67.5285
A9886,Al_L,-19.9603,9.45922,35.7777
A9886,Al_R,19.8817,11.2047,43.3866
A9886,Sbal_L,-12.1634,3.19429,45.1799
A9886,Sbal_R,11.0141,5.19283,52.3139
A9886,Ch_L,-27.3999,-20.9588,25.8935
A9886,Ch_R,27.9901,-24.0459,29.5378
A9886,Sn,-2.38044,-14.7343,47.2991
A9886,Ft_L,-66.2393,78.4751,-9.95981
A9886,FT_R,69.7344,79.8233,-0.3202
E2035,Ex_L,-62.2225,31.5384,20.3398
E2035,En_L,-33.1629,31.8668,20.4474
E2035,N,-15.9407,38.8174,39.8472
E2035,En_R,1.59848,31.7323,21.2517
E2035,Ex_R,28.8027,30.7626,16.6442
E2035,Prn,-13.9322,-1.55138,63.9833
E2035,Al_L,-30.8929,-10.6889,34.9237
E2035,Al_R,5.39101,-10.6348,35.177
E2035,Sbal_L,-22.717,-9.85642,41.7832
E2035,Sbal_R,-1.46567,-11.4207,43.2206
E2035,Ch_L,-40.1245,-40.7165,26.0121
E2035,Ch_R,10.285,-41.0218,21.8926
E2035,Sn,-14.6121,-34.6013,40.6382
E2035,Ft_L,-89.1744,52.7363,-9.69029
E2035,FT_R,53.4294,54.6888,-17.2823
T8906,Ex_L,-43.4462,35.3585,1.40473
T8906,En_L,-11.2549,30.4684,7.88662
T8906,N,6.0875,36.2368,19.015
T8906,En_R,21.8463,33.2001,5.11986
T8906,Ex_R,52.2718,35.1603,-6.71402
T8906,Prn,9.39485,-3.71907,41.5889
T8906,Al_L,-11.1989,-10.0567,12.9855
T8906,Al_R,23.5764,-9.81946,10.5628
T8906,Sbal_L,-5.38767,-10.8698,24.2381
T8906,Sbal_R,19.6391,-12.122,19.676
T8906,Ch_L,-18.2324,-36.9853,9.77755
T8906,Ch_R,33.1469,-35.2447,4.45046
T8906,Sn,12.0869,-30.0032,24.3508
T8906,Ft_L,-59.534,61.0117,-14.2743
T8906,FT_R,63.8512,59.4069,-17.8723
B1080,Ex_L,-41.206,16.3322,8.94346
B1080,En_L,-13.1663,11.2428,12.4043
B1080,N,3.58553,16.2565,17.1486
B1080,En_R,21.5834,10.6752,12.3899
B1080,Ex_R,46.3172,13.866,8.89189
B1080,Prn,1.14709,-23.7797,37.0089
B1080,Al_L,-16.2254,-32.0162,14.0794
B1080,Al_R,21.7993,-30.6009,17.5563
B1080,Sbal_L,-9.27182,-28.6711,24.7405
B1080,Sbal_R,14.2043,-28.3933,25.9368
B1080,Ch_L,-23.317,-59.0925,10.4124
B1080,Ch_R,30.7497,-58.6492,8.74241
B1080,Sn,1.46721,-47.8841,24.9797
B1080,Ft_L,-65.9985,46.0403,-23.4319
B1080,FT_R,67.1295,45.4939,-11.5159
A4722,Ex_L,-49.325,10.9,23.8134
A4722,En_L,-17.5334,9.38514,36.0554
A4722,N,0.977099,17.6561,49.4809
A4722,En_R,19.8312,7.08385,35.9159
A4722,Ex_R,51.8807,3.92729,24.7379
A4722,Prn,2.42044,-22.669,73.3245
A4722,Al_L,-16.377,-29.186,48.3906
A4722,Al_R,19.55,-28.9917,55.3208
A4722,Sbal_L,-11.8687,-31.5355,52.0203
A4722,Sbal_R,13.4956,-30.7466,56.6029
A4722,Ch_L,-23.6725,-53.8294,47.72
A4722,Ch_R,25.8622,-54.003,43.2838
A4722,Sn,2.04496,-45.6964,59.0176
A4722,Ft_L,-63.6625,34.8528,6.06153
A4722,FT_R,65.8558,32.1569,6.29782
R2153,Ex_L,-36.1556,-11.9447,-29.9935
R2153,En_L,-8.43616,-14.0195,-25.8878
R2153,N,6.24955,-8.64149,-9.26677
R2153,En_R,25.5704,-15.5392,-24.529
R2153,Ex_R,52.3395,-15.3892,-29.0918
R2153,Prn,8.83049,-44.4589,5.10941
R2153,Al_L,-5.76109,-50.1645,-21.7912
R2153,Al_R,23.1201,-49.914,-19.5951
R2153,Sbal_L,-1.37159,-50.7806,-15.3798
R2153,Sbal_R,19.2543,-51.2816,-13.3378
R2153,Ch_L,-14.0978,-77.2979,-33.771
R2153,Ch_R,30.9283,-76.4582,-31.4751
R2153,Sn,6.70842,-64.7803,-14.8275
R2153,Ft_L,-57.7627,11.8158,-61.3352
R2153,FT_R,70.1616,13.721,-51.0285
